timeStemp,Label,AP1_Corrected Distance (mm),AP2_Corrected Distance (mm),AP3_Corrected Distance (mm),AP4_Corrected Distance (mm),AP1_Rssi,AP2_Rssi,AP3_Rssi,AP4_Rssi
605355781,11-11,2549.5543806646524,5604.5410536307545,1511.367503190132,6288.372474555674,-59.0,-73.0,-53.0,-62.0
605355793,11-11,2574.4432580841976,5404.660454878943,2211.1058306709265,5641.793908629442,-59.0,-74.0,-50.0,-59.0
605355806,11-11,2382.8767627222564,5206.904602362899,1143.4382673942705,5927.397332198098,-59.0,-72.0,-51.0,-59.0
605355819,11-11,2446.803421281531,4243.596381037834,1008.0910165484634,6009.819040125885,-55.0,-69.0,-53.0,-60.0
605355832,11-11,2876.8820437956206,5220.4218455743885,2535.72521685254,6259.144463268135,-58.0,-69.0,-52.0,-59.0
605355844,11-11,2565.0531914893613,4600.976351351352,1949.959438377535,5457.189506082368,-59.0,-71.0,-55.0,-58.0
605355857,11-11,2714.769322235434,4161.45021264115,1882.0454545454547,6465.351752217537,-58.0,-69.0,-55.0,-59.0
605355870,11-11,2749.9199036434807,4841.109339774557,910.139298423996,6104.963338973492,-58.0,-75.0,-53.0,-59.0
605355885,11-11,1704.0963373345646,5184.593421653723,541.4291457286432,6343.522269034006,-54.0,-70.0,-48.0,-60.0
605355900,11-11,2595.8243617348508,4712.114263322884,1047.5136071251857,6417.758519388954,-57.0,-71.0,-53.0,-60.0
605355915,11-11,2497.402249923989,4453.820592592592,902.5506653019448,6543.37365710081,-59.0,-66.0,-51.0,-60.0
605355930,11-11,2760.726723095526,5123.143823482042,1063.8316582914572,6442.611629262605,-58.0,-66.0,-53.0,-60.0
605355942,11-11,2666.8110769230766,4777.391977163462,979.20375,6340.660099263047,-53.0,-69.0,-54.0,-60.0
605355958,11-11,2620.226442873969,4858.175928677563,326.3943112102621,6398.773845230954,-58.0,-69.0,-52.0,-60.0
605355972,11-11,2905.7272191094075,5032.14869714464,1072.454407294833,6347.515027122124,-57.0,-69.0,-54.0,-60.0
605355986,11-11,2744.499414176919,5091.733659614777,1432.8138195777349,6213.979321630467,-57.0,-73.0,-54.0,-60.0
605356001,11-11,2452.264191469776,5052.512441804463,1346.8937677053823,6231.936289726534,-57.0,-74.0,-54.0,-60.0
605356016,11-11,2749.9199036434807,5085.301304049417,1179.7635542168675,6171.863609982589,-57.0,-72.0,-54.0,-60.0
605356031,11-11,2591.846889952153,5027.503986429177,1761.3373584905664,6396.855172413793,-58.0,-70.0,-50.0,-58.0
605356047,11-11,2642.794475794476,5023.1059314954055,1174.457271364318,6549.07546888955,-58.0,-70.0,-54.0,-60.0
605356062,11-11,2661.767574035298,5008.404765986628,1174.457271364318,6485.658304367538,-58.0,-71.0,-54.0,-60.0
605356077,11-11,2804.466028135289,4943.168412017167,804.6049188906333,6339.084342688331,-57.0,-70.0,-53.0,-60.0
605356092,11-11,2598.841379310345,5001.594896331739,1054.8206278026903,804.8025966773697,-57.0,-68.0,-53.0,-55.0
605356107,11-11,2685.870510111681,4788.392587939698,295.12914093206064,6113.551189095128,-57.0,-68.0,-51.0,-60.0
605356122,11-11,2574.141966141966,4668.735979836169,1024.5559529892694,4644.48432969764,-58.0,-68.0,-54.0,-55.0
605356137,11-11,2668.1526236881555,4438.750039105272,1097.1470588235293,5981.1225188227245,-54.0,-68.0,-51.0,-60.0
605356152,11-11,2657.7924133811234,4557.570202808112,1048.032178217822,6513.6571930852615,-58.0,-68.0,-54.0,-60.0
605356166,11-11,2685.870510111681,4519.233912778286,993.0936106983658,6410.482676932188,-58.0,-68.0,-52.0,-59.0
605356179,11-11,2783.636660724896,4391.855504947384,490.73482428115017,6250.769140337987,-58.0,-69.0,-53.0,-60.0
605356192,11-11,2684.445620223398,4538.611944869832,1020.3847328244277,6223.237336114422,-57.0,-69.0,-52.0,-60.0
605356205,11-11,2761.4857058650164,4379.308897338403,339.5042016806722,3808.935428815247,-58.0,-67.0,-53.0,-55.0
605356220,11-11,2721.2407628128726,4434.61512397967,986.0265210608424,6159.912844713169,-57.0,-68.0,-54.0,-60.0
605356235,11-11,2696.334219072926,4447.9331607795375,919.5581959262851,3613.8172205438063,-57.0,-68.0,-54.0,-54.0
605356249,11-11,2703.5180580224983,4682.6937434672245,1070.2856420626897,6166.920678258371,-57.0,-68.0,-54.0,-59.0
605356264,11-11,1636.9905227759095,4549.0615502686105,374.02578947368414,5602.430098795507,-53.0,-69.0,-52.0,-60.0
605356278,11-11,2529.683752997602,4447.9331607795375,951.394380331159,6178.134743381156,-58.0,-69.0,-54.0,-60.0
605356293,11-11,2587.204776119403,4468.8082026538,913.3897959183674,6225.415657311669,-58.0,-69.0,-54.0,-60.0
605356308,11-11,2535.7647235576924,,1160.5377777777778,6275.797184717035,-58.0,,-54.0,-58.0
605356323,11-11,2681.015064778548,4691.250151699029,865.7778347870703,5969.6203922659615,-58.0,-69.0,-54.0,-59.0
605356338,11-11,2756.611062077082,4616.598433660934,1181.819225251076,2954.641879679835,-57.0,-69.0,-54.0,-55.0
605356353,11-11,2694.7429920330483,4734.34185548071,1558.2640675241155,5885.188174742656,-58.0,-69.0,-50.0,-58.0
605356367,11-11,2749.9199036434807,4755.83864118896,413.78936170212756,5987.208649255827,-58.0,-69.0,-52.0,-55.0
605356382,11-11,2666.553491159724,4742.891712038718,1103.3297083539298,6249.082782853126,-57.0,-69.0,-52.0,-59.0
605356397,11-11,2681.015064778548,4835.755548799027,1009.595166163142,6001.489798850575,-57.0,-69.0,-53.0,-60.0
605356410,11-11,2831.467295226871,,995.5590863952333,6242.269236363637,-58.0,,-54.0,-60.0
605356411,11-11,,4880.605478208233,,,,-69.0,,
605356425,11-11,2637.311499703616,4589.923493882608,1101.1524420325604,6179.036025566532,-58.0,-69.0,-54.0,-60.0
605356440,11-11,2695.634353226295,4733.584905660377,1094.135294117647,6246.179735682819,-57.0,-69.0,-54.0,-60.0
605356454,11-11,2767.8571428571427,4685.492305393695,1034.208597948217,6109.12172148964,-53.0,-69.0,-54.0,-60.0
605356472,11-11,2498.161800486618,4766.649827612052,1030.877120822622,6350.185226019847,-57.0,-69.0,-54.0,-57.0
605356486,11-11,1165.9137007874017,4629.894321287579,1001.5264735264736,6193.708333333334,-52.0,-69.0,-54.0,-60.0
605356500,11-11,2836.481700118064,4816.71714112659,478.4280920421861,6521.208955223881,-57.0,-69.0,-50.0,-60.0
605356515,11-11,2729.373580394501,4945.247538048344,1044.0125,6362.514762898897,-58.0,-69.0,-54.0,-60.0
605356530,11-11,2541.875,4787.461758506473,1008.0723981900452,6449.970475346914,-58.0,-69.0,-54.0,-60.0
605356545,11-11,2753.370849250661,4651.080536912751,1064.366515837104,6268.937081659974,-57.0,-69.0,-54.0,-60.0
605356559,11-11,2685.870510111681,4818.657523867253,999.529411764706,6292.335622573904,-58.0,-69.0,-54.0,-60.0
605356574,11-11,2729.373580394501,4820.118387145672,988.1991128634796,6474.822169531713,-58.0,-69.0,-54.0,-60.0
605356589,11-11,2587.977306658704,4735.014343952891,1079.843251088534,6351.280301909132,-58.0,-70.0,-54.0,-60.0
605356603,11-11,2672.158858858859,4632.707991491948,1071.0345489443378,6568.404556821339,-58.0,-69.0,-54.0,-55.0
605356618,11-11,2713.5015928178395,4732.892715029078,1103.3297083539298,6242.272202998847,-52.0,-69.0,-54.0,-60.0
605356633,11-11,2704.318625999408,4590.515956634601,379.0128,6172.534270650263,-58.0,-70.0,-53.0,-60.0
605356648,11-11,2695.538370720189,4798.551817770403,661.4211364843336,2499.823391026718,-58.0,-70.0,-52.0,-53.0
605356662,11-11,2637.311499703616,4590.515956634601,1101.1524420325604,6461.544953635264,-58.0,-69.0,-54.0,-60.0
605356677,11-11,2703.5180580224983,4694.040024630542,1141.928571428571,6386.946964208086,-58.0,-69.0,-54.0,-60.0
605356692,11-11,2654.6208233890216,4638.680604844932,1760.969438325991,6517.318019093079,-58.0,-70.0,-51.0,-60.0
605356707,11-11,2755.800294117647,4869.810165339865,1024.5559529892694,6466.547433264887,-58.0,-70.0,-54.0,-58.0
605356722,11-11,2574.906714200832,4762.045118570989,1193.808695652174,6275.471113758189,-58.0,-69.0,-54.0,-60.0
605356738,11-11,2629.518026004728,4977.245242807125,997.8014997794444,6490.986319903789,-57.0,-69.0,-51.0,-60.0
605356753,11-11,2602.743543543543,4641.545314188667,970.8801843317973,6368.3989120580245,-57.0,-69.0,-54.0,-60.0
605356768,11-11,2587.977306658704,4737.242800245098,377.4025491237387,4655.014269241857,-58.0,-69.0,-53.0,-55.0
605356782,11-11,,,1124.9827668741025,6180.511813225219,,,-55.0,-58.0
605356783,11-11,1613.8525101340815,4486.4375194764725,,,-52.0,-68.0,,
605356797,11-11,2634.188573120189,4663.867359602854,1092.5286343612331,6246.179735682819,-57.0,-68.0,-54.0,-58.0
605356812,11-11,2403.5318912922903,4560.5717536407765,1170.363047808765,6304.503334815474,-57.0,-68.0,-53.0,-60.0
605356827,11-11,2676.5779601406803,4566.584899845917,1031.186069167073,6283.599878567092,-58.0,-68.0,-54.0,-59.0
605356841,11-11,2695.538370720189,4570.9729359890525,1097.362831858407,6440.14041496201,-58.0,-68.0,-54.0,-60.0
605356855,11-11,2676.177142857143,4608.900241837969,1087.7368421052631,6455.231546572935,-58.0,-68.0,-54.0,-59.0
605356870,11-11,2671.3566496547583,4570.9729359890525,1148.6260997067448,6493.877166227645,-58.0,-68.0,-54.0,-55.0
605356885,11-11,1180.9341463414637,4722.773518631643,1341.8254938852306,6459.506209343584,-49.0,-69.0,-52.0,-59.0
605356899,11-11,2687.605650382578,4569.401171754548,412.91082802547766,6527.925277291301,-58.0,-69.0,-52.0,-59.0
605356913,11-11,2719.620011911852,4577.933455154561,1011.1225416036308,6379.085222381636,-58.0,-69.0,-50.0,-60.0
605356928,11-11,2620.99823269514,4663.172350512311,1044.4129255056737,6353.801499207149,-58.0,-69.0,-54.0,-60.0
605356943,11-11,2429.1577507598786,4804.657576221847,1152.0671328671328,6408.765954332553,-57.0,-70.0,-54.0,-55.0
605356958,11-11,2724.488066825776,4844.097901002506,1214.9380530973451,6351.280301909132,-58.0,-69.0,-53.0,-60.0
605356972,11-11,2676.5779601406803,4664.5990515527,1232.51072319202,7113.188619180262,-57.0,-68.0,-54.0,-54.0
605356989,11-11,2606.6574436090227,4935.328418438615,935.0817137809187,6359.750113173382,-57.0,-70.0,-54.0,-60.0
605357003,11-11,2885.306295754026,4734.122651762148,1736.6601573885164,6200.178202182654,-57.0,-69.0,-48.0,-60.0
605357019,11-11,2671.3566496547583,4662.459327217125,1195.5413642960812,6472.776199730902,-57.0,-68.0,-54.0,-60.0
605357033,11-11,2676.177142857143,4756.185942786835,1222.1483679525222,3058.8800236406623,-58.0,-69.0,-54.0,-55.0
605357048,11-11,2593.3979652902453,5315.6671681711805,1139.7133850630455,6276.045773618017,-58.0,-70.0,-54.0,-59.0
605357063,11-11,2518.360190987765,4738.690186536902,917.9732540861811,6561.190227635204,-58.0,-70.0,-50.0,-55.0
605357078,11-11,2667.352817745804,4809.3567429211325,1042.128898128898,6426.99343832021,-58.0,-70.0,-54.0,-60.0
605357093,11-11,2642.0097980997625,4845.0443027627925,1578.5671824104236,6261.316850348027,-57.0,-70.0,-50.0,-60.0
605357108,11-11,2627.964855286474,4684.092606422703,1466.1463414634147,6290.338515182334,-57.0,-67.0,-53.0,-60.0
605357123,11-11,2615.3095956547977,4815.7384522186885,1043.4907546226889,6328.979945566537,-57.0,-71.0,-54.0,-59.0
605357137,11-11,2800.2752540346683,4934.204108977222,1568.6415483279889,6405.7375018008925,-58.0,-69.0,-49.0,-59.0
605357152,11-11,2696.334219072926,4882.844086021506,825.0292283710055,6421.892613467814,-57.0,-71.0,-49.0,-59.0
605357167,11-11,2829.79976442874,4839.434048379735,908.4395604395604,3343.348971437028,-58.0,-71.0,-51.0,-54.0
605357183,11-11,2496.643161094225,4903.609700471339,1135.3184130213633,6434.299301530688,-57.0,-69.0,-54.0,-59.0
605357200,11-11,2654.6208233890216,4874.640762925599,1048.3964302489433,6590.255816943051,-57.0,-69.0,-55.0,-54.0
605357215,11-11,2472.5936183022272,5027.252324462969,978.3947368421053,6491.051833670228,-58.0,-69.0,-54.0,-54.0
605357230,11-11,2607.441636582431,4636.229892048046,1024.5559529892694,6686.286877328551,-58.0,-67.0,-54.0,-57.0
605357244,11-11,2611.369689665561,,1150.8761018609207,6251.442085832949,-58.0,,-53.0,-59.0
605357245,11-11,,4787.132288806331,,,,-67.0,,
605357259,11-11,2602.743543543543,4672.8197340586285,1299.5226730310262,6393.861889153754,-58.0,-67.0,-54.0,-59.0
605357274,11-11,2628.990179573513,4789.284377784377,992.8555133079848,6343.048613182225,-54.0,-67.0,-54.0,-60.0
605357291,11-11,2557.280303030303,4819.425234362993,823.9314477468839,6376.327986808575,-58.0,-68.0,-52.0,-60.0
605357308,11-11,2549.5543806646524,4904.865966834018,1371.5004807692303,6291.389509099251,-58.0,-68.0,-54.0,-60.0
605357324,11-11,2557.280303030303,4908.436375019565,1353.2832068311195,6302.107573928787,-58.0,-68.0,-54.0,-60.0
605357339,11-11,2829.79976442874,4997.530866192631,912.1520228851656,6474.822169531713,-58.0,-69.0,-50.0,-60.0
605357354,11-11,2726.114626865672,4826.895114006515,1322.243807673628,6454.442456768038,-58.0,-69.0,-54.0,-60.0
605357369,11-11,2796.931641791045,4934.8574202945465,1403.187969924812,6439.513633014001,-58.0,-69.0,-54.0,-60.0
605357383,11-11,2800.932672690178,5004.817039106146,1329.345703125,6085.3339055794,-58.0,-68.0,-54.0,-60.0
605357398,11-11,2725.301104148016,4962.277137296002,1290.5624067628046,6233.202759622367,-58.0,-68.0,-54.0,-60.0
605357413,11-11,2789.437630247098,4942.634013605442,1247.1508889956751,6240.564269850082,-58.0,-68.0,-54.0,-55.0
605357427,11-11,2706.4474292316577,4871.204410011919,1188.864628820961,5963.226263783474,-53.0,-68.0,-54.0,-59.0
605357442,11-11,2717.1925022314786,5061.279173480006,379.4175120128137,6173.655152394775,-58.0,-68.0,-51.0,-60.0
605357457,11-11,2658.586495368987,4997.562630169592,1222.1483679525222,6374.281464530892,-58.0,-68.0,-55.0,-54.0
605357471,11-11,2489.8320703243403,4986.354125362208,989.6623889437316,6179.020979020979,-57.0,-69.0,-54.0,-60.0
605357485,11-11,,,,6311.910136986302,,,,-56.0
605357486,11-11,2675.3725195429947,5044.827032865298,1151.439980401764,,-58.0,-69.0,-54.0,
605357500,11-11,2658.586495368987,4860.880195599021,1203.6941061860691,6157.670454545454,-57.0,-69.0,-53.0,-60.0
605357514,11-11,2316.677191906805,5144.838404222292,1103.3297083539298,6473.244382435012,-58.0,-69.0,-51.0,-59.0
605357528,11-11,2620.0532043530834,5168.103695618275,990.6403162055336,6373.461792028768,-57.0,-70.0,-52.0,-60.0
605357543,11-11,2399.7974683544303,5140.051023573201,1126.1533804238145,6156.304995617879,-58.0,-70.0,-53.0,-60.0
605357558,11-11,2516.1076326774,5107.877519137634,1068.1256306760847,6338.222807788025,-58.0,-69.0,-54.0,-60.0
605357573,11-11,2654.6208233890216,4980.855752895753,794.2679808204581,4954.511304108079,-58.0,-69.0,-54.0,-55.0
605357588,11-11,2479.310594627226,5091.967606291855,718.6545996592845,6313.176124983308,-57.0,-69.0,-54.0,-58.0
605357603,11-11,2784.463893016345,5110.27258518287,926.1479565442318,6189.559427680974,-58.0,-69.0,-54.0,-60.0
605357617,11-11,2690.743574236468,5138.38189533239,1056.927109335996,5226.352505387931,-58.0,-69.0,-51.0,-55.0
605357632,11-11,1741.2245891661596,5156.043714996889,916.6112759643916,6172.072326599802,-52.0,-69.0,-50.0,-59.0
605357647,11-11,2766.3776203129614,4917.271585307681,1054.8206278026903,5897.6459171937895,-58.0,-69.0,-54.0,-60.0
605357661,11-11,2575.2288678669515,5011.298168854319,1071.9113924050632,6143.947779196822,-58.0,-70.0,-54.0,-60.0
605357676,11-11,2734.276646706587,5206.293630573248,1093.5046487603306,6246.812372634643,-58.0,-69.0,-54.0,-60.0
605357690,11-11,2773.748075784488,4945.261758027896,1160.5377777777778,6417.758519388954,-58.0,-69.0,-54.0,-60.0
605357705,11-11,2598.841379310345,4919.835800396764,580.2067851373183,6463.328402366864,-58.0,-68.0,-52.0,-60.0
605357720,11-11,2690.7731290512666,4800.908495688279,1229.427285646613,6271.293239557916,-58.0,-68.0,-55.0,-55.0
605357734,11-11,2528.1680647094067,4918.731839005236,1539.8626299141436,6480.526867235444,-58.0,-69.0,-54.0,-60.0
605357749,11-11,2568.957382039574,4522.155385078219,1293.349168646081,6391.608399029716,-58.0,-68.0,-52.0,-60.0
605357763,11-11,2788.6074404761907,4704.470447044704,1340.2082585278276,6438.717715478677,-57.0,-68.0,-54.0,-60.0
605357778,11-11,2695.634353226295,4601.944461213401,1040.3071253071253,6449.528881375036,-57.0,-68.0,-54.0,-55.0
605357793,11-11,2771.2868973676427,4737.226938895416,1126.1533804238145,3643.67587657784,-58.0,-68.0,-54.0,-55.0
605357808,11-11,2676.5779601406803,4759.173799126637,1165.71875,6236.38310019983,-57.0,-68.0,-52.0,-60.0
605357824,11-11,2581.041095890411,4759.880654890134,1148.6260997067448,6204.70048724563,-57.0,-69.0,-54.0,-58.0
605357838,11-11,2688.3968207241687,4789.284377784377,1039.7961689587428,6392.591051581648,-57.0,-70.0,-54.0,-59.0
605357853,11-11,2681.015064778548,4861.823236027579,348.54540540540535,6469.099351117519,-57.0,-70.0,-52.0,-55.0
605357867,11-11,2654.6208233890216,4777.932,1160.5377777777778,6097.70229901889,-54.0,-69.0,-54.0,-59.0
605357881,11-11,2754.990002940312,4653.509422763022,1353.2832068311195,6309.262128785651,-58.0,-68.0,-54.0,-53.0
605357896,11-11,2618.684226015303,4662.955518697226,1278.4832512315272,3490.235541993606,-58.0,-68.0,-54.0,-55.0
605357911,11-11,2643.579619726678,4576.539655959811,1187.4983181162902,6302.635057045489,-57.0,-68.0,-54.0,-60.0
605357926,11-11,2565.7596210775605,4736.444645823894,1265.327188940092,6396.53892467096,-57.0,-68.0,-54.0,-60.0
605357942,11-11,2728.5581117418583,4760.940410241054,1066.0392376681616,6230.663633651551,-57.0,-69.0,-51.0,-60.0
605357957,11-11,2479.310594627226,4689.70839741618,1214.9380530973451,6187.796113602391,-57.0,-69.0,-54.0,-60.0
605357972,11-11,2698.724586288416,4897.8018688628445,1308.2652570879384,6256.838479809977,-57.0,-69.0,-55.0,-60.0
605357987,11-11,2803.38389731622,4805.728738279322,1241.1772978402812,6176.24509229417,-57.0,-69.0,-55.0,-58.0
605358000,11-11,2565.0531914893613,4900.037739013754,1331.2958435207825,6214.735925536706,-57.0,-69.0,-54.0,-60.0
605358015,11-11,2587.977306658704,5011.383397232872,346.2991407089152,6417.758519388954,-57.0,-69.0,-53.0,-60.0
605358029,11-11,2704.318625999408,4865.7603264490335,1135.8078774617068,6045.028621495327,-58.0,-70.0,-54.0,-60.0
605358043,11-11,2541.875,5111.900083822297,653.2414646214745,6404.624683722238,-58.0,-70.0,-51.0,-60.0
605358057,11-11,2695.634353226295,4830.041720990874,561.16875,6602.8450103412615,-58.0,-68.0,-53.0,-55.0
605358072,11-11,2745.7859290438964,4848.135623286566,1205.693950177936,6227.825485181285,-54.0,-68.0,-50.0,-60.0
605358087,11-11,2625.638536441428,4904.598060681889,1413.149077141505,6238.107676224612,-58.0,-68.0,-54.0,-60.0
605358102,11-11,2624.0193763245534,4712.114263322884,1210.1782566111656,6367.299851632048,-58.0,-67.0,-54.0,-60.0
605358117,11-11,1551.0311696658098,4812.576388888889,1338.495575221239,6340.0208302555775,-52.0,-68.0,-55.0,-60.0
605358132,11-11,2696.334219072926,4801.965984251968,1179.7635542168675,6360.570001469076,-58.0,-68.0,-54.0,-60.0
605358146,11-11,2668.4532019704434,4857.535789303603,1324.1731517509727,6197.918869919927,-58.0,-68.0,-54.0,-55.0
605358161,11-11,2739.1973605278945,4959.962720324443,1241.8010050251255,6233.202759622367,-58.0,-68.0,-52.0,-58.0
605358176,11-11,2652.247093889717,4984.10680228862,1341.8254938852306,6151.748011782032,-58.0,-69.0,-54.0,-60.0
605358190,11-11,2649.088716880024,5071.715835823243,1352.0004739336491,6475.739761676483,-57.0,-69.0,-54.0,-58.0
605358206,11-11,2751.753597650514,5028.531178880292,1222.1483679525222,6528.029284326909,-51.0,-68.0,-54.0,-60.0
605358221,11-11,2583.3490312965723,5071.07908847185,372.0675392670157,6487.31997030438,-58.0,-68.0,-52.0,-60.0
605358235,11-11,2868.506841339156,4954.810619469026,1222.1483679525222,6402.446814859019,-58.0,-68.0,-54.0,-60.0
605358250,11-11,2588.7502986857826,4909.975071332032,1374.8053012048192,6490.986319903789,-58.0,-69.0,-54.0,-60.0
605358264,11-11,,4911.450202794052,1434.8793849111005,6291.448602277769,,-69.0,-53.0,-59.0
605358278,11-11,,4873.230734360834,1288.4524372929484,6368.054125606706,,-69.0,-54.0,-60.0
605358292,11-11,,5013.113155473781,1245.9534325492075,6287.537775219455,,-69.0,-54.0,-58.0
605358307,11-11,2722.0518628912077,5106.965034965036,1320.9606986899564,6289.588052639361,-57.0,-70.0,-54.0,-56.0
605358321,11-11,2654.6208233890216,4809.815950920245,1219.6327490380504,6140.045400238949,-58.0,-69.0,-52.0,-55.0
605358336,11-11,2671.3566496547583,4903.609700471339,1441.8078223080636,6395.287434706907,-58.0,-69.0,-54.0,-58.0
605358350,11-11,2658.586495368987,4766.448982737362,1416.5009487666036,6420.94023431707,-58.0,-69.0,-53.0,-59.0
605358366,11-11,2688.3968207241687,5013.113155473781,1452.3268482490269,3678.4989778037375,-58.0,-69.0,-54.0,-54.0
605358381,11-11,2875.5236385397966,4949.3698459623465,1298.283261802575,6265.242087895605,-58.0,-69.0,-50.0,-60.0
605358395,11-11,1866.088325183374,4756.849525316456,1443.1320406278853,6255.801184799884,-53.0,-70.0,-53.0,-57.0
605358410,11-11,2381.416666666667,4812.436209380503,1378.126086956522,6179.247627654767,-58.0,-70.0,-52.0,-60.0
605358425,11-11,2750.9456840869057,4937.027707808564,1249.5527202696196,6525.556945454546,-58.0,-70.0,-52.0,-60.0
605358440,11-11,2561.210401891253,4787.147929936305,1362.3309455587391,6461.416740609287,-58.0,-70.0,-54.0,-60.0
605358455,11-11,2670.3169590643274,4929.027892891298,1304.504072831816,6237.935767707875,-58.0,-70.0,-54.0,-60.0
605358470,11-11,2503.4188668051024,4909.46515319892,1341.8254938852306,6230.663633651551,-58.0,-71.0,-54.0,-59.0
605358485,11-11,2761.4857058650164,4887.399262702356,1705.0016260162602,6326.183518410287,-58.0,-70.0,-50.0,-59.0
605358500,11-11,2643.579619726678,4790.962390438247,1232.51072319202,6317.855387381987,-58.0,-70.0,-54.0,-60.0
605358515,11-11,2596.5056920311567,4962.496099843994,1182.137323943662,6297.036861584012,-58.0,-70.0,-54.0,-60.0
605358529,11-11,2650.666964551683,5076.282585388268,1296.4285714285716,6316.402389233329,-58.0,-70.0,-54.0,-59.0
605358543,11-11,2733.458246034121,4868.828816414025,1826.1520871143373,6462.372430113888,-58.0,-71.0,-50.0,-60.0
605358558,11-11,2739.6845029239767,4971.641899182981,1285.4107648725212,6351.649283318085,-58.0,-70.0,-52.0,-60.0
605358573,11-11,2479.310594627226,4926.374477311445,1159.091932457786,6363.926391382406,-58.0,-71.0,-50.0,-60.0
605358587,11-11,2712.3504603504603,4908.436375019565,1172.1142144638404,6187.48706598423,-58.0,-71.0,-52.0,-54.0
605358602,11-11,2528.1680647094067,4833.49812441388,1279.113356333169,6425.308823529412,-58.0,-71.0,-52.0,-54.0
605358618,11-11,2682.0804698972097,4970.040793998124,1392.9301757812502,6187.635746606335,-58.0,-71.0,-51.0,-59.0
605358633,11-11,2635.749111374408,4926.6721363708775,1207.8123167155427,6354.039035418236,-58.0,-70.0,-54.0,-60.0
605358648,11-11,2638.0933886747707,4708.791865268509,1066.5113350125944,4183.653908435153,-58.0,-70.0,-54.0,-55.0
605358665,11-11,2755.800294117647,4842.382721931079,1806.6366243342893,6482.467435244797,-58.0,-70.0,-53.0,-59.0
605358680,11-11,2658.586495368987,5003.869749882019,1214.9380530973451,6361.670037735849,-58.0,-70.0,-54.0,-55.0
605358695,11-11,2416.6703961294224,4939.378881987578,1341.8254938852306,6449.594379320709,-58.0,-71.0,-54.0,-60.0
605358710,11-11,2763.929498525074,4779.386206896552,1093.5992160705537,6412.857530529172,-58.0,-70.0,-54.0,-60.0
605358725,11-11,2565.7596210775605,5019.617276264592,1108.8107302533533,6393.516990291263,-57.0,-71.0,-54.0,-60.0
605358739,11-11,2574.906714200832,4957.642812597444,1189.2127045235802,6403.203974108084,-58.0,-71.0,-54.0,-60.0
605358755,11-11,2687.605650382578,4885.496183206107,1242.99362432565,4119.877530933633,-53.0,-70.0,-53.0,-55.0
605358772,11-11,2764.7450575390967,4950.276243093922,1175.632316158079,6442.2503397252,-58.0,-70.0,-52.0,-60.0
605358787,11-11,2642.0097980997625,4913.820119084926,1617.4218787732432,6329.802848916503,-58.0,-71.0,-49.0,-59.0
605358801,11-11,2497.402249923989,4971.4648065948,1167.4560357675111,6480.582071471836,-58.0,-70.0,-54.0,-55.0
605358815,11-11,2763.929498525074,4833.938490805326,1037.8136645962734,6382.86597001363,-58.0,-70.0,-54.0,-60.0
605358830,11-11,2469.269515669516,4932.959164141012,1218.4605633802817,6375.173121723938,-52.0,-71.0,-52.0,-59.0
605358844,11-11,2558.941836433422,4996.79547596607,1229.444776119403,6462.219695828942,-58.0,-71.0,-54.0,-60.0
605358860,11-11,2500.451851851852,4948.713902477513,1158.2498767865943,6262.424137931034,-57.0,-71.0,-50.0,-60.0
605358875,11-11,2768.830082742317,4903.237830981449,1016.7626774847871,6391.608399029716,-58.0,-71.0,-52.0,-59.0
605358889,11-11,1570.2745752427186,4876.445904298459,1126.1533804238145,6345.654404221018,-54.0,-70.0,-52.0,-59.0
605358904,11-11,2681.015064778548,4960.6546358678215,1106.6117997025283,6198.948536979856,-58.0,-70.0,-53.0,-60.0
605358919,11-11,2496.643161094225,4651.689176090468,1063.8316582914572,6397.049217002238,-58.0,-70.0,-53.0,-56.0
605358934,11-11,2620.0532043530834,4998.9500078604,1203.6941061860691,6334.406051660516,-58.0,-70.0,-53.0,-60.0
605358948,11-11,2496.643161094225,4863.142160717094,954.267237040765,6506.081765557164,-58.0,-69.0,-53.0,-55.0
605358962,11-11,2542.6408556794213,4903.583280856423,1162.8347352795645,6432.387461001337,-58.0,-70.0,-53.0,-60.0
605358977,11-11,2683.323839009288,4823.233786776336,1219.1336951159349,6419.632357380019,-58.0,-69.0,-52.0,-59.0
605358992,11-11,2553.4114977307117,4693.133174980206,1174.457271364318,6227.525144386534,-58.0,-69.0,-52.0,-57.0
605359007,11-11,2794.429167909336,4652.611616954474,312.1368983957219,6443.312195841321,-58.0,-69.0,-52.0,-60.0
605359021,11-11,2607.441636582431,4874.640762925599,1118.815037593985,6224.753517930095,-58.0,-70.0,-54.0,-58.0
605359035,11-11,1552.2185656628376,4779.386206896552,1229.444776119403,6121.49796656123,-54.0,-69.0,-54.0,-60.0
605359049,11-11,2788.6074404761907,4831.23277612873,1117.596837944664,6531.127345250407,-58.0,-69.0,-52.0,-60.0
605359063,11-11,2657.7924133811234,4771.160068846815,1203.6941061860691,6375.372302158274,-58.0,-70.0,-51.0,-60.0
605359078,11-11,2620.0532043530834,4871.834705608203,1016.7626774847871,6275.027436713658,-58.0,-70.0,-52.0,-59.0
605359093,11-11,2695.538370720189,4626.864903389293,1174.457271364318,6296.786304604486,-58.0,-70.0,-52.0,-57.0
605359108,11-11,2695.538370720189,4840.306933792456,1251.9638205499275,6258.670812106682,-58.0,-70.0,-54.0,-60.0
605359122,11-11,2637.594643944005,4882.453682080025,1207.8123167155427,6324.138078396699,-58.0,-70.0,-54.0,-60.0
605359138,11-11,2581.041095890411,4727.675577921056,2104.6999623068227,6401.857291666667,-53.0,-70.0,-51.0,-55.0
605359152,11-11,2607.441636582431,4924.0866873065015,1024.5993775011116,6131.2247795546255,-57.0,-70.0,-51.0,-60.0
605359166,11-11,2425.47162367223,4916.131055024299,1255.1867219917012,6182.041139240507,-58.0,-70.0,-54.0,-60.0
605359181,11-11,2615.3095956547977,4890.829694323144,1068.7220000000002,6302.743160412618,-57.0,-70.0,-51.0,-60.0
605359196,11-11,2607.441636582431,5025.092084761608,1718.7614173228349,6504.967665173573,-57.0,-70.0,-48.0,-57.0
605359211,11-11,2700.3205204021287,4937.027707808564,1227.1021276595743,6366.355288532859,-58.0,-70.0,-54.0,-60.0
605359226,11-11,2534.2417417417414,4873.104475260006,1485.8061977373338,3340.225301550833,-57.0,-70.0,-52.0,-54.0
605359241,11-11,2542.6408556794213,4928.4928492849285,1736.9993328885928,6270.885602762349,-57.0,-71.0,-48.0,-59.0
605359256,11-11,2650.169471851422,4911.162575266327,1244.8183673469389,6275.668928887577,-57.0,-70.0,-54.0,-60.0
605359270,11-11,2755.7284248642127,4726.051456912585,766.1658387466565,6213.979321630467,-58.0,-71.0,-54.0,-60.0
605359284,11-11,2852.4784802612053,4936.63569569876,1036.2046511627907,6190.036899822169,-58.0,-70.0,-52.0,-60.0
605359299,11-11,2689.930169286578,4875.0344827586205,1241.1772978402812,6312.046036181791,-57.0,-70.0,-54.0,-60.0
605359313,11-11,2473.097041043589,4883.784518507142,1108.8107302533533,6367.241016282987,-58.0,-71.0,-52.0,-54.0
605359329,11-11,2553.4114977307117,4711.446847960445,1016.7626774847871,5181.725372736953,-58.0,-71.0,-53.0,-54.0
605359342,11-11,1698.2543609261022,4871.812624482916,1003.0295147573788,6351.280301909132,-54.0,-70.0,-53.0,-60.0
605359357,11-11,2517.608890214797,4868.31955922865,1098.4429133858268,6462.219695828942,-58.0,-70.0,-51.0,-59.0
605359372,11-11,2650.666964551683,4702.727328809377,827.6671289875172,6229.73437733035,-58.0,-70.0,-50.0,-60.0
605359386,11-11,2607.441636582431,4903.609700471339,1189.918481012658,6243.934982227488,-57.0,-70.0,-54.0,-60.0
605359402,11-11,2595.7280622941003,4883.974458807039,1165.140803173029,6324.052838758516,-57.0,-70.0,-54.0,-60.0
605359417,11-11,2755.800294117647,4810.895983357337,1111.0184171229466,6251.495120852725,-57.0,-69.0,-54.0,-59.0
605359432,11-11,2472.5936183022272,4928.4928492849285,1290.896159317212,6472.776199730902,-57.0,-69.0,-54.0,-60.0
605359447,11-11,2513.110482430018,4821.6983159583,1196.1200387221684,6329.802848916503,-58.0,-70.0,-55.0,-60.0
605359462,11-11,2742.089844893181,4991.10359441218,1148.6260997067448,6118.290866095182,-58.0,-69.0,-54.0,-58.0
605359477,11-11,2707.525644826564,4874.074092088197,1241.186513629842,6389.737719693556,-58.0,-69.0,-54.0,-60.0
605359493,11-11,2657.7924133811234,4948.713902477513,846.7297297297297,6351.761553226044,-58.0,-69.0,-51.0,-55.0
605359508,11-11,2538.816185318893,4929.027892891298,1480.9602763385149,6101.919954095538,-58.0,-69.0,-50.0,-58.0
605359523,11-11,2805.8394160583944,4913.820119084926,1274.0898379970545,6024.970627111177,-58.0,-69.0,-54.0,-58.0
605359537,11-11,1660.152623688156,4917.672886937432,1071.030303030303,6240.970300015077,-52.0,-69.0,-54.0,-60.0
605359551,11-11,2544.941194209892,4921.578857761956,1261.0889212827988,5488.163879598663,-58.0,-69.0,-54.0,-60.0
605359566,11-11,2729.373580394501,4852.986691426803,1403.187969924812,6171.744828605201,-58.0,-69.0,-55.0,-60.0
605359581,11-11,2637.311499703616,4671.839782439782,1080.3659244917717,6362.0227340711945,-58.0,-69.0,-54.0,-59.0
605359595,11-11,3042.2119140625,,1236.4559313959028,5958.776940903824,-58.0,,-54.0,-55.0
605359596,11-11,,4766.448982737362,,,,-69.0,,
605359611,11-11,2703.5180580224983,4862.015503875969,1249.5527202696196,6332.660523621472,-58.0,-69.0,-53.0,-59.0
605359626,11-11,2806.658878504673,4851.485148514851,986.2547958681752,6217.231824214718,-58.0,-69.0,-54.0,-60.0
605359641,11-11,2469.619963920625,4789.144652112454,677.1534603811434,6351.795512638455,-58.0,-69.0,-52.0,-58.0
605359656,11-11,2435.0789152955517,4809.815950920245,1172.1142144638404,4371.325414612282,-58.0,-69.0,-54.0,-53.0
605359673,11-11,2599.620875824835,4699.805623100305,1388.18410041841,6403.402118770517,-58.0,-69.0,-53.0,-59.0
605359687,11-11,2479.310594627226,4882.844086021506,1560.5992551210427,6348.949380165289,-58.0,-69.0,-51.0,-56.0
605359702,11-11,2694.7429920330483,4954.810619469026,1241.7803827751195,6432.194394484412,-58.0,-69.0,-54.0,-60.0
605359717,11-11,2606.6574436090227,4966.531046717918,1158.82100591716,1498.2976929902395,-58.0,-69.0,-54.0,-56.0
605359730,11-11,2603.525382997897,4866.612494341331,1199.0218340611352,6185.769752714114,-58.0,-69.0,-54.0,-60.0
605359745,11-11,2561.1608497723823,4863.853211009175,1191.5062680810029,6443.011588941637,-58.0,-69.0,-53.0,-54.0
605359760,11-11,2700.3205204021287,4876.177955851224,920.8812695924765,6341.157423971377,-58.0,-69.0,-50.0,-60.0
605359775,11-11,2719.620011911852,4876.29520012268,1160.5377777777778,6363.926391382406,-58.0,-69.0,-53.0,-59.0
605359789,11-11,2599.620875824835,4870.287073391724,1162.8347352795645,6071.1702679343125,-58.0,-69.0,-55.0,-58.0
605359804,11-11,2479.310594627226,4935.673715562174,1091.9941291585126,6313.071300179748,-58.0,-69.0,-54.0,-60.0
605359819,11-11,2402.1427712654045,4660.144816154309,1100.2023346303502,6288.640960620526,-58.0,-69.0,-54.0,-58.0
605359834,11-11,2119.760214733075,4683.4349538088745,1215.5356615838664,6270.885602762349,-52.0,-69.0,-53.0,-59.0
605359848,11-11,2675.3725195429947,4724.431902569434,482.00836820083686,6319.697705802969,-58.0,-69.0,-52.0,-60.0
605359865,11-11,2661.767574035298,4860.397272327321,1015.212017167382,3750.798243001787,-58.0,-69.0,-48.0,-52.0
605359879,11-11,2340.928236672525,4574.662869822485,1024.5559529892694,6415.847062341157,-54.0,-69.0,-54.0,-58.0
605359894,11-11,2413.0220410628017,4748.38648409894,1154.2676817288802,6217.014685635613,-58.0,-69.0,-54.0,-60.0
605359909,11-11,2653.8291082612586,4717.425478273765,1016.7626774847871,6271.70138888889,-58.0,-69.0,-53.0,-59.0
605359923,11-11,2577.970255800119,4656.273199703043,1092.5286343612331,6296.871162861031,-58.0,-69.0,-54.0,-60.0
605359938,11-11,2658.586495368987,4797.582391782832,1087.7368421052631,6382.86597001363,-58.0,-69.0,-53.0,-59.0
605359953,11-11,2670.5549219687878,4963.152332361516,1126.1533804238145,6322.685848770118,-58.0,-69.0,-54.0,-58.0
605359968,11-11,2656.205671641791,4779.348103141671,1212.0437158469945,6420.92159518435,-58.0,-69.0,-53.0,-59.0
605359983,11-11,2620.0532043530834,4776.216216216216,1210.3111650485437,5819.290944123314,-58.0,-69.0,-50.0,-54.0
605359998,11-11,1825.3635276532136,4874.835843148949,506.5994923857868,6375.142036000605,-52.0,-69.0,-52.0,-60.0
605360013,11-11,2764.7450575390967,4630.835729260258,1219.7354392892398,6363.591121848105,-58.0,-69.0,-52.0,-60.0
605360028,11-11,2698.724586288416,4748.410210479176,1054.8206278026903,6409.34715337239,-58.0,-69.0,-54.0,-60.0
605360042,11-11,2703.5180580224983,4684.092606422703,1146.9443631039533,6199.983938223939,-58.0,-69.0,-54.0,-60.0
605360057,11-11,2891.095066185319,4797.12048192771,1206.0439238653005,6466.975354742345,-58.0,-69.0,-54.0,-60.0
605360071,11-11,2496.643161094225,4644.048806127046,1356.5007132667615,6432.252230455164,-58.0,-69.0,-54.0,-60.0
605360087,11-11,2514.4504405286343,4861.477389207115,1207.2222765021984,6302.686406460295,-58.0,-69.0,-53.0,-59.0
605360101,11-11,2658.586495368987,4801.449056603774,520.3342022940564,6302.107573928787,-58.0,-68.0,-53.0,-60.0
605360115,11-11,2620.0532043530834,4830.615034168564,1320.3200775945684,6071.627456732179,-58.0,-69.0,-55.0,-58.0
605360130,11-11,2591.0720478325857,4815.724815724816,1691.9906580016248,6146.452264291017,-53.0,-69.0,-54.0,-59.0
605360148,11-11,2697.1305375073835,4763.512168823168,1259.0517489218971,6321.343496833112,-58.0,-69.0,-52.0,-58.0
605360162,11-11,2739.6845029239767,4873.230734360834,1312.6808100289295,6339.084342688331,-58.0,-69.0,-54.0,-60.0
605360177,11-11,2823.9062688366485,4872.656333830104,1252.56805019305,6228.805398150909,-58.0,-69.0,-51.0,-57.0
605360192,11-11,2712.3504603504603,4869.753351206435,1263.5447906523857,6270.885602762349,-58.0,-68.0,-54.0,-60.0
605360208,11-11,2709.1320083061405,4778.827923053802,1183.2415130940833,6528.858095097022,-57.0,-69.0,-49.0,-59.0
605360225,11-11,2820.663340181978,4766.649827612052,1025.489758761948,6453.480399463407,-58.0,-70.0,-51.0,-60.0
605360241,11-11,2743.6957540263543,4809.281389800179,1157.1093057607088,4078.277227722772,-58.0,-69.0,-52.0,-54.0
605360256,11-11,2804.466028135289,4692.503366751459,1117.1351351351352,6353.556454073849,-58.0,-69.0,-54.0,-60.0
605360271,11-11,2441.7748243201954,4652.128764278297,1186.9279538904898,6105.749120234604,-58.0,-69.0,-54.0,-59.0
605360286,11-11,2755.800294117647,4818.704419889503,1115.942772570301,6304.653670423393,-58.0,-69.0,-55.0,-60.0
605360300,11-11,2542.6408556794213,4945.130718954249,1062.2303060712493,5173.837076969153,-58.0,-69.0,-54.0,-55.0
605360314,11-11,2382.14649095924,4818.794988946205,1070.2856420626897,6251.3621267297885,-58.0,-69.0,-54.0,-62.0
605360328,11-11,2656.205671641791,4758.194305104751,1111.0184171229466,6232.711690731253,-58.0,-68.0,-54.0,-60.0
605360343,11-11,2531.960696069607,4873.261138067931,1099.5251231527093,6429.629897528633,-58.0,-68.0,-54.0,-60.0
605360358,11-11,2534.2417417417414,4779.348103141671,1195.5413642960812,6432.9620083432665,-58.0,-68.0,-54.0,-60.0
605360372,11-11,2766.581036049682,4851.859025032939,1293.349168646081,4303.608478447046,-58.0,-68.0,-53.0,-54.0
605360386,11-11,2594.950898203593,4748.38648409894,1195.5413642960812,6261.485384500075,-54.0,-68.0,-54.0,-60.0
605360401,11-11,2516.1076326774,4807.847495527728,1261.0889212827988,6296.104795737123,-58.0,-69.0,-53.0,-58.0
605360417,11-11,2226.924992408138,,1477.3043863535665,6467.459936141097,-55.0,,-50.0,-60.0
605360427,11-11,2768.3505390395294,5597.973886328725,1453.3636363636367,6247.19102661597,-56.0,-81.0,-56.0,-63.0
605360439,11-11,2738.795291039895,,1479.371921182266,4768.281665951052,-61.0,,-56.0,-64.0
605360461,11-11,2775.391291469194,4684.081873067295,1253.035669324381,6135.795226313492,-57.0,-67.0,-51.0,-57.0
605360488,11-11,2528.1680647094067,4672.925048427954,1318.4019370460048,6286.582518337408,-57.0,-67.0,-53.0,-59.0
605360515,11-11,2695.634353226295,4584.156685443226,1054.8206278026903,6367.117647058823,-57.0,-67.0,-53.0,-57.0
605360543,11-11,2650.666964551683,4745.591671571512,947.7551096246748,3571.931701420369,-57.0,-68.0,-54.0,-54.0
605360563,11-11,1193.6507936507935,4862.536531690141,1188.113751263903,6160.952447120581,-50.0,-67.0,-54.0,-59.0
605360576,11-11,2676.5779601406803,4860.397272327321,1078.2782608695652,6222.650692391473,-57.0,-67.0,-53.0,-54.0
605360591,11-11,2764.7450575390967,4594.372455801516,1260.808163265306,6228.843444530644,-58.0,-68.0,-53.0,-59.0
605360605,11-11,2651.456793802145,4871.828458033221,1285.4107648725212,6161.95944055944,-58.0,-68.0,-53.0,-59.0
605360620,11-11,2599.620875824835,4851.859025032939,1373.7537456780638,6133.673949579832,-58.0,-69.0,-48.0,-59.0
605360634,11-11,2690.743574236468,4766.633313626959,1210.5891972249754,6200.941612604263,-58.0,-68.0,-53.0,-55.0
605360649,11-11,2682.0804698972097,4768.0427261975165,1201.3534273213415,5845.048899755501,-58.0,-68.0,-53.0,-55.0
605360663,11-11,1776.193858560794,4779.348103141671,1203.6941061860691,6334.227106784302,-52.0,-68.0,-53.0,-59.0
605360677,11-11,2496.643161094225,4851.687787505565,1369.4323144104803,6318.750224887556,-58.0,-68.0,-50.0,-59.0
605360691,11-11,2704.318625999408,4851.859025032939,1043.5563943161635,6325.567218593346,-58.0,-68.0,-54.0,-59.0
605360706,11-11,2606.6574436090227,4735.140361180444,1752.744064386318,6185.787671232877,-58.0,-68.0,-50.0,-59.0
605360721,11-11,2566.613442822384,4749.49506101104,1414.579417293233,6357.436488549618,-58.0,-68.0,-50.0,-54.0
605360734,11-11,2566.613442822384,4871.46403712297,1229.444776119403,6134.43396226415,-54.0,-68.0,-54.0,-55.0
605360748,11-11,2525.142130460802,4818.704419889503,1157.1093057607088,6268.38275179034,-58.0,-68.0,-54.0,-59.0
605360762,11-11,2653.8291082612586,4803.340434782608,937.0370813397127,6337.119007761376,-57.0,-67.0,-49.0,-59.0
605360777,11-11,2738.3760119940025,4726.119724501758,1165.140803173029,5982.552717468426,-58.0,-68.0,-53.0,-59.0
605360793,11-11,2738.3760119940025,4746.988666470415,1021.9950372208438,2844.7202673213314,-58.0,-68.0,-53.0,-54.0
605360808,11-11,2446.25925925926,4685.180639457787,1298.9026717557251,6153.94079345851,-58.0,-68.0,-54.0,-60.0
605360823,11-11,2591.846889952153,4829.236339793093,1381.4629539951572,6243.133466135458,-57.0,-67.0,-53.0,-55.0
605360837,11-11,1501.277885235332,4840.521250182562,1088.6413590604027,6216.063780972775,-52.0,-68.0,-51.0,-59.0
605360853,11-11,2690.743574236468,4788.448154657293,780.4358316221766,6044.577725536292,-58.0,-68.0,-51.0,-57.0
605360867,11-11,2277.3329061198333,4873.261138067931,1171.1772511848342,6230.77696725128,-51.0,-68.0,-53.0,-54.0
605360882,11-11,2561.1608497723823,4873.261138067931,1174.457271364318,6049.206672845226,-58.0,-68.0,-53.0,-59.0
605360896,11-11,2386.3627948641383,4873.261138067931,1020.3847328244277,6036.153514180024,-58.0,-68.0,-53.0,-59.0
605360911,11-11,2804.466028135289,4798.99075297226,1160.5377777777778,6124.83920296571,-58.0,-68.0,-50.0,-54.0
605360926,11-11,2549.5543806646524,4817.374981582437,1111.0184171229466,6020.23910007758,-58.0,-68.0,-53.0,-57.0
605360940,11-11,2553.4114977307117,4902.03064351379,1192.938578680203,6056.690999072069,-58.0,-68.0,-53.0,-59.0
605360955,11-11,2712.3504603504603,4624.686624391682,1258.0324769752788,6020.23910007758,-58.0,-68.0,-53.0,-59.0
605360970,11-11,2785.2916171224733,4882.0834181078335,1048.032178217822,4243.276648632841,-57.0,-68.0,-53.0,-54.0
605360985,11-11,2534.2417417417414,4799.695243687611,1079.3224043715848,6013.315757938885,-58.0,-68.0,-53.0,-59.0
605360999,11-11,2620.0532043530834,4684.771723122239,1574.3063063063064,6243.758641880473,-58.0,-68.0,-50.0,-59.0
605361013,11-11,2632.6298816568046,4665.246625586855,1281.64,3394.776963840399,-58.0,-68.0,-53.0,-54.0
605361028,11-11,2607.441636582431,4691.681415929204,1249.5527202696196,6217.965881272949,-58.0,-68.0,-53.0,-59.0
605361043,11-11,2405.034306349684,4820.215833701902,1117.1351351351352,6293.314364387333,-58.0,-68.0,-53.0,-59.0
605361057,11-11,2598.841379310345,4737.226938895416,1266.628111273792,5944.643356643356,-58.0,-68.0,-53.0,-57.0
605361074,11-11,2661.767574035298,4758.194305104751,1295.8115183246073,6378.685005232472,-58.0,-68.0,-53.0,-59.0
605361088,11-11,2690.743574236468,4820.215833701902,1160.5377777777778,5987.233501078361,-58.0,-68.0,-53.0,-55.0
605361102,11-11,2438.05033557047,4745.591671571512,1162.8347352795645,6333.991736778847,-58.0,-68.0,-54.0,-60.0
605361117,11-11,2756.611062077082,4653.509422763022,1325.462512171373,6392.06352059925,-58.0,-68.0,-54.0,-59.0
605361133,11-11,2714.769322235434,4768.0427261975165,1229.444776119403,6261.704109589042,-58.0,-68.0,-53.0,-59.0
605361150,11-11,2772.106804733728,4634.939402896837,1335.2133398724864,6284.516903108965,-58.0,-68.0,-50.0,-59.0
605361165,11-11,2715.576568539994,4737.226938895416,1111.0184171229466,6275.0756558877365,-58.0,-68.0,-54.0,-60.0
605361179,11-11,2675.3725195429947,4821.637516590474,1300.1432664756449,6282.620549185275,-58.0,-68.0,-51.0,-59.0
605361194,11-11,2504.2548780487805,4697.223862965151,1087.7368421052631,6374.177858439201,-58.0,-68.0,-53.0,-59.0
605361209,11-11,2700.3205204021287,4643.86198726492,1893.1582236842105,6293.314364387333,-58.0,-68.0,-50.0,-59.0
605361225,11-11,2438.7943240769,4603.948340032754,1196.1200387221684,6039.978366762178,-58.0,-68.0,-52.0,-59.0
605361239,11-11,2794.429167909336,4746.988666470415,1020.8098987626548,5941.230723693946,-58.0,-68.0,-50.0,-56.0
605361253,11-11,2859.268074977685,4738.61901263591,1393.3663089127392,6260.481546316557,-58.0,-68.0,-49.0,-58.0
605361268,11-11,2599.620875824835,4635.624538063562,1184.0843315764257,6276.544401544402,-54.0,-68.0,-53.0,-59.0
605361282,11-11,2656.205671641791,4564.534464944649,372.0675392670157,6202.781593406594,-58.0,-68.0,-51.0,-59.0
605361296,11-11,2749.9199036434807,4820.926570333235,1179.7635542168675,6089.743504959849,-58.0,-68.0,-53.0,-59.0
605361311,11-11,2598.841379310345,4757.492403009293,1263.5447906523857,6452.743325242718,-58.0,-68.0,-53.0,-54.0
605361325,11-11,2779.5078611687927,4868.965623622741,940.532604451386,6326.338036625638,-58.0,-68.0,-48.0,-59.0
605361339,11-11,2367.3258026159338,4727.505277044855,1249.5527202696196,6359.790164429024,-52.0,-68.0,-53.0,-59.0
605361354,11-11,2602.743543543543,4735.55875440658,1274.0898379970545,6321.367810967455,-58.0,-68.0,-53.0,-58.0
605361369,11-11,2519.864138548821,4738.61901263591,1230.056744649079,6207.107891491984,-58.0,-68.0,-53.0,-59.0
605361384,11-11,2783.636660724896,4841.93557341125,365.6199095022624,6319.089604640513,-58.0,-68.0,-51.0,-60.0
605361398,11-11,2518.073574494176,4819.5053066037735,1741.646822742475,6477.618192698983,-58.0,-69.0,-50.0,-59.0
605361415,11-11,2504.2548780487805,4921.42045121594,1563.9213392496974,6315.53515505066,-57.0,-68.0,-49.0,-59.0
605361429,11-11,2743.6957540263543,4861.065120428189,1243.5654048873982,6286.462566438877,-58.0,-69.0,-53.0,-59.0
605361443,11-11,2619.455107447748,4797.12048192771,1937.5465010602848,6291.239513677811,-58.0,-69.0,-51.0,-55.0
605361458,11-11,2658.586495368987,4807.847495527728,1341.8254938852306,6046.703621252597,-57.0,-70.0,-52.0,-54.0
605361473,11-11,2650.666964551683,4766.649827612052,1318.4019370460048,6371.054008567931,-58.0,-69.0,-53.0,-59.0
605361488,11-11,858.3764705882354,4652.432826839176,1195.5413642960812,6052.9862167982765,-50.0,-69.0,-53.0,-57.0
605361503,11-11,2657.109106779168,4632.223037747154,1754.0420959670298,6257.95253212396,-52.0,-69.0,-49.0,-57.0
605361517,11-11,2419.597033000303,4655.581947743468,1140.1290322580646,3659.259259259259,-58.0,-69.0,-51.0,-54.0
605361531,11-11,2675.3725195429947,4726.119724501758,1068.1256306760847,6385.767272727273,-58.0,-69.0,-53.0,-59.0
605361546,11-11,2798.602449223417,4718.5136795903445,1123.3695028680688,6420.601358490566,-58.0,-69.0,-53.0,-59.0
605361561,11-11,2718.8103602262577,4779.348633240755,1135.857419043016,6239.8598513575,-58.0,-68.0,-53.0,-58.0
605361575,11-11,2568.040296296296,4677.882352941177,943.3477611940298,4184.886025622147,-57.0,-67.0,-53.0,-54.0
605361590,11-11,2587.977306658704,4733.75033025099,375.0126649076517,6419.9102023608775,-58.0,-69.0,-51.0,-55.0
605361605,11-11,2656.205671641791,4840.521250182562,1182.137323943662,6326.9265374129045,-58.0,-69.0,-54.0,-59.0
605361619,11-11,2625.638536441428,4634.939402896837,1109.0556866446436,6381.052398411243,-58.0,-69.0,-54.0,-59.0
605361634,11-11,2658.586495368987,4697.917589720868,1072.454407294833,6389.628510050637,-58.0,-69.0,-54.0,-59.0
605361648,11-11,2604.8855386416863,4686.561680176861,945.7002493765586,6425.756626506024,-58.0,-69.0,-54.0,-54.0
605361662,11-11,2700.3205204021287,4964.599737532809,914.0850487540628,6435.171558245083,-58.0,-68.0,-53.0,-59.0
605361677,11-11,1637.9920464974,4840.521250182562,1301.3862332695985,6347.187365838699,-52.0,-68.0,-54.0,-59.0
605361692,11-11,2831.467295226871,4811.70862369338,500.6596233348644,6372.026874536005,-58.0,-68.0,-47.0,-59.0
605361707,11-11,2942.798368298368,4737.795102159107,1651.737113402062,6367.474550672104,-58.0,-68.0,-54.0,-59.0
605361722,11-11,2769.4524495677238,4799.695243687611,1052.8685598377283,6474.822169531713,-58.0,-68.0,-50.0,-59.0
605361737,11-11,2635.749111374408,4788.448154657293,1505.6646180860405,6276.625611995104,-58.0,-68.0,-50.0,-59.0
605361751,11-11,2875.5236385397966,4851.687787505565,1081.007874015748,6383.865687462144,-58.0,-68.0,-50.0,-55.0
605361765,11-11,2733.458246034121,4748.38648409894,1048.6787148594378,6205.6711117349805,-58.0,-68.0,-49.0,-57.0
605361780,11-11,2728.5581117418583,4736.390708755212,1397.5881252921924,6469.070180633698,-58.0,-68.0,-50.0,-59.0
605361795,11-11,2794.429167909336,4726.266498216409,1255.5979680696662,6309.345854534571,-58.0,-68.0,-53.0,-59.0
605361810,11-11,2663.3609697695297,4820.926570333235,1270.3480176211451,6185.21631934253,-53.0,-68.0,-54.0,-58.0
605361824,11-11,2574.906714200832,4777.932,314.8306364617044,6209.142942852857,-58.0,-68.0,-51.0,-59.0
605361838,11-11,2799.438601732895,4873.261138067931,1165.140803173029,6359.750113173382,-58.0,-68.0,-53.0,-59.0
605361853,11-11,2724.488066825776,4757.492403009293,1172.1142144638404,6214.299505630322,-58.0,-68.0,-53.0,-54.0
605361868,11-11,2891.232687793427,4820.106020942409,1165.140803173029,6566.25719318849,-58.0,-68.0,-53.0,-59.0
605361883,11-11,2457.796529024536,4757.492403009293,1041.8430118110236,6275.665442863699,-58.0,-68.0,-53.0,-59.0
605361897,11-11,2528.1680647094067,4694.865052413997,1106.6117997025283,6219.983623487754,-58.0,-68.0,-53.0,-57.0
605361911,11-11,2783.636660724896,4788.448154657293,1108.8107302533533,6315.233562166285,-58.0,-68.0,-53.0,-59.0
605361926,11-11,2494.368660795627,4779.348633240755,1104.9683168316833,6344.223724179829,-57.0,-67.0,-54.0,-59.0
605361941,11-11,2620.0532043530834,4686.9700624909165,1249.5527202696196,6345.387533875339,-58.0,-68.0,-53.0,-59.0
605361955,11-11,2726.1335466977016,4913.728532255737,1181.2543021032504,6375.142036000605,-58.0,-68.0,-54.0,-59.0
605361970,11-11,2636.530074074074,4688.332751853467,1090.3937469467514,3237.5826873385013,-57.0,-68.0,-54.0,-54.0
605361985,11-11,2695.538370720189,4675.819491400852,1026.6543778801845,6309.274090909091,-58.0,-68.0,-53.0,-59.0
605362000,11-11,2453.0168815224065,4717.133391838526,1117.1351351351352,6393.547012435548,-58.0,-68.0,-53.0,-58.0
605362014,11-11,2922.9667754375555,4848.263241448983,1207.2222765021984,,-58.0,-68.0,-53.0,
605362028,11-11,2717.1925022314786,4821.508437590923,1106.120293398533,6283.355031398376,-58.0,-68.0,-53.0,-59.0
605362042,11-11,2695.538370720189,4717.133391838526,1183.5172413793105,6366.355288532859,-58.0,-68.0,-53.0,-57.0
605362057,11-11,2658.586495368987,4777.951775537045,1207.2459178624445,6516.616496086695,-57.0,-67.0,-53.0,-59.0
605362072,11-11,2785.2916171224733,4708.8685939553225,1058.8824969400246,6359.039867587795,-58.0,-68.0,-53.0,-54.0
605362086,11-11,2504.2548780487805,4900.643057814579,1024.5559529892694,6373.461792028768,-52.0,-68.0,-53.0,-59.0
605362101,11-11,2633.587359465208,4966.047987164528,344.9391675560299,6465.493844049248,-58.0,-68.0,-51.0,-59.0
605362115,11-11,2652.247093889717,4818.794988946205,1151.439980401764,6443.875576722727,-57.0,-67.0,-52.0,-59.0
605362128,11-11,2783.636660724896,4820.215833701902,1150.3127753303966,6324.052838758516,-58.0,-68.0,-52.0,-59.0
605362142,11-11,2565.7596210775605,4826.620017714792,1195.5413642960812,6311.630250831066,-57.0,-67.0,-50.0,-59.0
605362157,11-11,2579.504761904762,4932.983259911895,1093.2788944723618,6322.138489480854,-58.0,-68.0,-52.0,-59.0
605362172,11-11,2700.5429438543247,4810.716139618138,1196.1200387221684,6325.245387453874,-58.0,-68.0,-52.0,-59.0
605362186,11-11,2542.6408556794213,4984.222661396575,809.8018018018016,4059.733558923055,-58.0,-68.0,-51.0,-54.0
605362201,11-11,2595.7280622941003,4934.204108977222,1082.4616876818625,6273.711174526885,-57.0,-68.0,-53.0,-59.0
605362216,11-11,2831.467295226871,4746.726526347215,1290.5624067628046,6115.382542640103,-58.0,-68.0,-53.0,-58.0
605362231,11-11,2686.024705882353,4773.93819455016,1312.0481927710844,6204.480490018149,-58.0,-69.0,-53.0,-59.0
605362245,11-11,2695.538370720189,4779.086538461539,1234.1041369472184,6043.215613382899,-56.0,-69.0,-54.0,-58.0
605362260,11-11,2748.524787327662,4642.408521303258,1152.5693967631191,6330.68603762043,-57.0,-67.0,-53.0,-59.0
605362274,11-11,,,1004.5370741482966,5885.001422475107,,,-52.0,-59.0
605362275,11-11,2553.4114977307117,4755.509044700254,,,-57.0,-69.0,,
605362289,11-11,2637.311499703616,4277.641731681199,852.6533602829712,6318.750224887556,-58.0,-68.0,-51.0,-59.0
605362304,11-11,2722.964545190352,4481.038753912654,1117.1351351351352,6377.434084548535,-58.0,-67.0,-53.0,-58.0
605362319,11-11,2611.369689665561,4983.164555006181,1288.6910250122608,6330.192951660816,-57.0,-73.0,-53.0,-56.0
605362334,11-11,2727.026969046889,4829.940104925678,1182.137323943662,6106.374644280023,-57.0,-67.0,-53.0,-59.0
605362348,11-11,2891.095066185319,5131.458176337604,1053.2462686567164,3674.082064034815,-58.0,-66.0,-52.0,-54.0
605362363,11-11,1429.3934929404545,5072.492425450487,1051.1544190665345,5923.952403393026,-51.0,-70.0,-53.0,-59.0
605362378,11-11,2831.467295226871,4914.381996866544,1099.5251231527093,5862.507929824562,-58.0,-69.0,-52.0,-59.0
605362393,11-11,2778.2596126047997,4943.957013898839,1270.3480176211451,6026.895540257407,-57.0,-73.0,-52.0,-59.0
605362407,11-11,2676.5779601406803,5057.736147757256,1090.3937469467514,5635.224067519739,-58.0,-75.0,-51.0,-60.0
605362421,11-11,2557.431690764237,5489.896792189679,1182.9175022789425,5836.957689384343,-57.0,-78.0,-51.0,-56.0
605362435,11-11,2800.2752540346683,5568.066666666667,941.0155910079769,5486.525313219126,-58.0,-77.0,-49.0,-59.0
605362450,11-11,2567.2796208530804,5623.3058045554735,1123.3695028680688,6359.2576852245365,-58.0,-73.0,-51.0,-58.0
